{
  "project_info": {
    "project_number": "386873190089",
    "project_id": "matchboxapplication",
    "storage_bucket": "matchboxapplication.appspot.com"
  },
  "client": [
    {
      "client_info": {
        "mobilesdk_app_id": "1:386873190089:android:64c4cb6f3f22d164c74f18",
        "android_client_info": {
          "package_name": "com.example.matchbox"
        }
      },
      "oauth_client": [
        {
          "client_id": "386873190089-ap27o3bkokfh3631nr1v76gl5icuoah3.apps.googleusercontent.com",
          "client_type": 3
        }
      ],
      "api_key": [
        {
          "current_key": "AIzaSyC-ZAY_Tr9OOD81CvEebFKHl7EZTLxa4vU"
        }
      ],
      "services": {
        "appinvite_service": {
          "other_platform_oauth_client": [
            {
              "client_id": "386873190089-ap27o3bkokfh3631nr1v76gl5icuoah3.apps.googleusercontent.com",
              "client_type": 3
            }
          ]
        }
      }
    },
    {
      "client_info": {
        "mobilesdk_app_id": "1:386873190089:android:8c549d4d566f973dc74f18",
        "android_client_info": {
          "package_name": "com.project.creditPay"
        }
      },
      "oauth_client": [
        {
          "client_id": "386873190089-ap27o3bkokfh3631nr1v76gl5icuoah3.apps.googleusercontent.com",
          "client_type": 3
        }
      ],
      "api_key": [
        {
          "current_key": "AIzaSyC-ZAY_Tr9OOD81CvEebFKHl7EZTLxa4vU"
        }
      ],
      "services": {
        "appinvite_service": {
          "other_platform_oauth_client": [
            {
              "client_id": "386873190089-ap27o3bkokfh3631nr1v76gl5icuoah3.apps.googleusercontent.com",
              "client_type": 3
            }
          ]
        }
      }
    }
  ],
  "configuration_version": "1"
}